,City_Code,Flight_Price
0,AAR,587
1,AAR,692
2,ABJ,472
3,ABJ,491
4,ABJ,682
5,ABJ,721
6,ABQ,898
7,ABU,547
8,ABV,477
9,ABV,508
10,ABV,573
11,ABZ,306
12,ACC,444
13,ACC,453
14,ACC,465
15,ACE,437
16,ADA,274
17,ADB,1165
18,ADD,354
19,ADD,354
20,ADD,361
21,ADD,363
22,ADD,811
23,ADD,816
24,ADD,816
25,ADD,816
26,ADL,439
27,ADL,519
28,ADL,555
29,ADL,666
30,ADL,891
31,ADL,1031
32,AER,752
33,AGA,326
34,AGA,468
35,AGP,376
36,AGP,382
37,AGP,399
38,AGP,428
39,AGR,38
40,AGR,51
41,AGR,179
42,AHB,280
43,AHB,532
44,AIP,31
45,AIP,33
46,AIP,125
47,AJL,65
48,AJL,70
49,AJL,94
50,AKL,457
51,AKL,459
52,AKL,464
53,AKL,465
54,AKL,469
55,AKL,576
56,AKL,589
57,AKL,591
58,AKL,596
59,AKL,774
60,AKL,1078
61,AKX,431
62,ALA,314
63,ALA,347
64,ALA,349
65,ALA,354
66,ALA,366
67,ALA,378
68,ALA,389
69,ALA,396
70,ALB,994
71,ALB,1000
72,ALC,386
73,ALG,584
74,ALG,668
75,AMD,25
76,AMD,26
77,AMD,26
78,AMD,26
79,AMD,29
80,AMD,29
81,AMD,29
82,AMD,29
83,AMD,29
84,AMD,35
85,AMD,36
86,AMD,42
87,AMD,43
88,AMM,221
89,AMM,221
90,AMM,231
91,AMM,302
92,AMM,462
93,AMS,207
94,AMS,214
95,AMS,289
96,AMS,289
97,AMS,289
98,AMS,289
99,AMS,293
100,AMS,301
101,AMS,355
102,AMS,448
103,AMS,450
104,AMS,453
105,AMS,453
106,AMS,454
107,AMS,454
108,AMS,499
109,AMS,527
110,AMS,539
111,ANC,825
112,ANR,470
113,ANR,485
114,ANR,511
115,ANR,527
116,ANR,554
117,ANR,585
118,ANR,620
119,ANU,1219
120,AOR,172
121,AQI,402
122,ARH,381
123,ARH,468
124,ARN,272
125,ARN,296
126,ARN,353
127,ARN,369
128,ARN,378
129,ASB,599
130,ASR,261
131,ASR,402
132,ASU,710
133,ASU,1395
134,ATH,181
135,ATH,206
136,ATH,210
137,ATH,220
138,ATH,263
139,ATH,268
140,ATH,346
141,ATL,543
142,ATL,567
143,ATL,573
144,ATL,596
145,ATL,607
146,ATQ,33
147,ATQ,33
148,ATQ,33
149,ATQ,34
150,ATQ,35
151,ATQ,35
152,ATQ,42
153,ATQ,43
154,ATQ,55
155,ATQ,107
156,AUA,688
157,AUH,74
158,AUH,74
159,AUH,74
160,AUH,75
161,AUH,75
162,AUH,75
163,AUH,110
164,AUH,110
165,AUH,138
166,AUH,159
167,AUH,167
168,AUH,174
169,AUS,544
170,AUS,544
171,AUS,633
172,AUS,639
173,AUS,864
174,AVV,259
175,AVV,261
176,AVV,380
177,AVV,436
178,AVV,447
179,AVV,462
180,AVV,468
181,AVV,705
182,AVV,1718
183,AXM,705
184,AXT,422
185,AXT,425
186,AYT,242
187,AYT,259
188,AZA,695
189,BAH,206
190,BAH,293
191,BAH,301
192,BAR,908
193,BAU,570
194,BAU,751
195,BAX,471
196,BBI,33
197,BBI,33
198,BBI,44
199,BBI,44
200,BBI,44
201,BBI,46
202,BBI,46
203,BBI,46
204,BBI,49
205,BBI,51
206,BBI,52
207,BCM,629
208,BCN,184
209,BCN,255
210,BCN,285
211,BCN,290
212,BCN,302
213,BCN,359
214,BDA,629
215,BDA,637
216,BDL,964
217,BDP,212
218,BDQ,34
219,BDQ,34
220,BDQ,35
221,BDQ,35
222,BDQ,42
223,BDQ,43
224,BDQ,43
225,BDQ,43
226,BEG,260
227,BEG,271
228,BEG,302
229,BEG,367
230,BEY,250
231,BEY,254
232,BFS,416
233,BGF,998
234,BGO,493
235,BGO,552
236,BGO,664
237,BGW,266
238,BGW,345
239,BGW,587
240,BGY,214
241,BGY,247
242,BGY,267
243,BHD,321
244,BHD,323
245,BHJ,105
246,BHJ,132
247,BHM,725
248,BHO,25
249,BHO,25
250,BHO,28
251,BHO,28
252,BHO,36
253,BHO,63
254,BHO,82
255,BHO,84
256,BHO,91
257,BHU,66
258,BHX,343
259,BHX,382
260,BHX,396
261,BHX,399
262,BIA,536
263,BIL,680
264,BIO,432
265,BIQ,436
266,BIR,186
267,BJL,801
268,BKB,42
269,BKK,78
270,BKK,79
271,BKK,80
272,BKK,82
273,BKK,86
274,BKK,86
275,BKK,86
276,BKK,86
277,BKK,86
278,BKK,86
279,BKK,86
280,BKK,92
281,BKK,101
282,BKK,132
283,BKK,132
284,BKK,135
285,BKK,136
286,BKK,281
287,BKW,1096
288,BLL,377
289,BLL,697
290,BLQ,387
291,BLQ,459
292,BLR,42
293,BLR,42
294,BLR,42
295,BLR,42
296,BLR,43
297,BLR,43
298,BLR,43
299,BLR,44
300,BLR,46
301,BLR,46
302,BLR,46
303,BLR,51
304,BMA,445
305,BMA,449
306,BMA,586
307,BMA,636
308,BMA,856
309,BNA,493
310,BNE,424
311,BNE,542
312,BNE,719
313,BNE,1130
314,BNI,593
315,BOB,1234
316,BOB,1258
317,BOB,1339
318,BOB,1342
319,BOB,2457
320,BOD,359
321,BOD,463
322,BOG,633
323,BOG,634
324,BOG,773
325,BOI,992
326,BOI,998
327,BOM,35
328,BOM,36
329,BOM,36
330,BOM,36
331,BOM,37
332,BOM,37
333,BOM,37
334,BOM,37
335,BOM,38
336,BOM,40
337,BOM,43
338,BOM,43
339,BOM,146
340,BOS,534
341,BOS,534
342,BOS,551
343,BOS,555
344,BOS,583
345,BOS,583
346,BOS,632
347,BRE,714
348,BRI,436
349,BRI,570
350,BRS,459
351,BRS,698
352,BRU,267
353,BRU,297
354,BRU,315
355,BRU,330
356,BRU,336
357,BRU,338
358,BRU,376
359,BRU,448
360,BSB,706
361,BSL,261
362,BSL,263
363,BSL,301
364,BSL,307
365,BTH,230
366,BTR,1032
367,BTS,303
368,BTS,332
369,BTS,418
370,BUD,261
371,BUD,265
372,BUD,282
373,BUD,300
374,BUD,308
375,BUD,313
376,BUD,325
377,BUD,348
378,BUD,360
379,BUF,579
380,BUF,639
381,BUF,643
382,BUF,778
383,BUR,817
384,BUR,975
385,BUR,1146
386,BUR,1213
387,BUR,1403
388,BUR,1617
389,BUS,386
390,BVA,184
391,BVA,264
392,BVA,281
393,BVA,290
394,BVA,297
395,BVA,340
396,BVA,381
397,BVA,444
398,BVA,447
399,BWI,545
400,BWI,589
401,BWI,600
402,BWI,670
403,BWI,1048
404,BWN,528
405,BZE,840
406,BZE,927
407,BZN,771
408,CAI,233
409,CAI,235
410,CAI,237
411,CAI,237
412,CAI,241
413,CAI,260
414,CAI,318
415,CAI,409
416,CAI,796
417,CAI,796
418,CAK,964
419,CAN,185
420,CAN,185
421,CAN,190
422,CAN,190
423,CAN,199
424,CAN,455
425,CAN,1348
426,CBR,2558
427,CBR,5671
428,CCJ,57
429,CCJ,57
430,CCJ,57
431,CCJ,57
432,CCJ,63
433,CCJ,66
434,CCJ,68
435,CCS,863
436,CCS,894
437,CCS,1267
438,CCU,32
439,CCU,32
440,CCU,32
441,CCU,32
442,CCU,32
443,CCU,36
444,CCU,38
445,CCU,40
446,CCU,40
447,CCU,44
448,CCU,45
449,CCU,49
450,CCU,49
451,CCU,50
452,CDG,256
453,CDG,257
454,CDG,285
455,CDG,286
456,CDG,287
457,CDG,290
458,CDG,312
459,CDG,312
460,CDG,312
461,CDG,313
462,CDG,313
463,CDG,313
464,CDG,314
465,CDG,315
466,CDG,315
467,CDG,316
468,CDG,347
469,CDG,352
470,CDG,356
471,CDG,412
472,CDP,76
473,CEB,223
474,CEB,228
475,CEB,337
476,CEB,353
477,CGH,721
478,CGH,735
479,CGH,822
480,CGH,1068
481,CGK,157
482,CGK,158
483,CGK,159
484,CGK,159
485,CGK,159
486,CGK,182
487,CGK,182
488,CGK,260
489,CGN,271
490,CGN,301
491,CGN,467
492,CGP,119
493,CHA,1094
494,CHC,517
495,CHC,675
496,CHC,1101
497,CHC,1210
498,CHQ,510
499,CHS,1038
500,CIA,203
501,CIA,250
502,CIA,295
503,CIA,305
504,CIA,309
505,CIT,385
506,CIT,402
507,CJB,56
508,CJB,59
509,CJB,60
510,CJB,60
511,CJB,60
512,CJB,60
513,CJB,61
514,CJB,64
515,CJB,89
516,CJB,89
517,CJU,344
518,CJU,458
519,CKY,534
520,CKY,750
521,CLE,618
522,CLE,678
523,CLJ,601
524,CLT,700
525,CMB,86
526,CMB,86
527,CMB,86
528,CMB,86
529,CMB,94
530,CMB,99
531,CMB,104
532,CMB,111
533,CMB,111
534,CMB,111
535,CMB,111
536,CMB,112
537,CMB,112
538,CMB,126
539,CMB,148
540,CMB,156
541,CMB,157
542,CMB,164
543,CMH,722
544,CMN,328
545,CMN,486
546,CMN,885
547,CNX,196
548,COK,50
549,COK,50
550,COK,52
551,COK,53
552,COK,53
553,COK,53
554,COK,53
555,COK,54
556,COK,58
557,COK,64
558,COK,67
559,CPH,251
560,CPH,258
561,CPH,266
562,CPH,374
563,CPH,378
564,CPH,408
565,CPT,434
566,CPT,434
567,CPT,447
568,CPT,489
569,CPT,497
570,CPT,498
571,CRK,241
572,CRK,663
573,CRL,249
574,CRL,266
575,CRL,296
576,CRL,301
577,CRL,322
578,CRL,338
579,CRP,728
580,CRW,968
581,CTU,216
582,CTU,474
583,CUN,525
584,CUN,655
585,CUN,908
586,CUR,1365
587,CVG,692
588,CWB,1382
589,CWL,550
590,CXH,813
591,CXH,825
592,CXH,827
593,CXH,832
594,CXH,832
595,CXH,844
596,CXH,855
597,CXH,893
598,CXH,1293
599,DAC,81
600,DAC,87
601,DAC,91
602,DAC,91
603,DAC,93
604,DAC,101
605,DAC,102
606,DAC,169
607,DAD,159
608,DAD,161
609,DAL,649
610,DAL,752
611,DAL,754
612,DAL,896
613,DAR,357
614,DAR,385
615,DAR,396
616,DAR,411
617,DAR,440
618,DAY,823
619,DBV,393
620,DCA,519
621,DCA,531
622,DCA,547
623,DCA,670
624,DCA,773
625,DCA,1048
626,DED,26
627,DED,26
628,DED,26
629,DED,26
630,DED,26
631,DED,27
632,DED,28
633,DED,29
634,DED,29
635,DED,29
636,DED,29
637,DED,29
638,DED,38
639,DEN,560
640,DEN,567
641,DEN,595
642,DEN,598
643,DEN,823
644,DFW,558
645,DFW,558
646,DFW,633
647,DFW,707
648,DFW,707
649,DHM,48
650,DHM,51
651,DHM,56
652,DHM,57
653,DHM,62
654,DHM,62
655,DHM,64
656,DHM,65
657,DIB,41
658,DIB,43
659,DIB,43
660,DIB,45
661,DIB,59
662,DIB,66
663,DIB,68
664,DIB,68
665,DIB,68
666,DIN,234
667,DIU,98
668,DJJ,350
669,DLA,415
670,DLA,437
671,DLA,473
672,DLH,757
673,DME,272
674,DME,276
675,DME,277
676,DME,280
677,DME,280
678,DME,280
679,DME,283
680,DME,286
681,DME,288
682,DME,290
683,DME,353
684,DMK,125
685,DMK,126
686,DMK,128
687,DMK,135
688,DMK,136
689,DMK,151
690,DMK,154
691,DMK,154
692,DMK,157
693,DMK,485
694,DMM,200
695,DMM,200
696,DMM,209
697,DMM,212
698,DMM,221
699,DMM,262
700,DMM,263
701,DMM,266
702,DMM,280
703,DMM,299
704,DMM,341
705,DMM,1047
706,DMM,1118
707,DMU,54
708,DMU,54
709,DMU,56
710,DMU,56
711,DMU,62
712,DMU,62
713,DMU,62
714,DMU,65
715,DMU,65
716,DOH,120
717,DOH,129
718,DOH,132
719,DOH,138
720,DOH,184
721,DOH,184
722,DOH,198
723,DOH,201
724,DOH,226
725,DOH,272
726,DOH,345
727,DOH,347
728,DOH,384
729,DPS,187
730,DPS,190
731,DPS,190
732,DPS,191
733,DPS,194
734,DPS,197
735,DPS,200
736,DPS,208
737,DPS,212
738,DPS,307
739,DPS,339
740,DRS,385
741,DRS,595
742,DRW,375
743,DRW,808
744,DRW,1261
745,DSA,353
746,DTM,362
747,DTW,661
748,DTW,767
749,DUB,166
750,DUB,229
751,DUB,247
752,DUB,408
753,DUB,440
754,DUB,449
755,DUB,457
756,DUD,1344
757,DUR,509
758,DUR,520
759,DUR,525
760,DUS,264
761,DUS,287
762,DUS,369
763,DUS,388
764,DVO,273
765,DVO,355
766,DXB,96
767,DXB,96
768,DXB,96
769,DXB,97
770,DXB,99
771,DXB,99
772,DXB,99
773,DXB,101
774,DXB,101
775,DXB,118
776,DXB,119
777,DXB,121
778,DXB,122
779,DXB,128
780,DXB,128
781,DXB,129
782,DXB,129
783,DXB,129
784,DXB,129
785,DXB,129
786,DXB,132
787,DXB,463
788,DYU,472
789,DYU,820
790,EBB,388
791,EBB,401
792,EBB,413
793,EBB,419
794,EBL,313
795,EBL,465
796,EDI,306
797,EDI,433
798,EIN,167
799,EIN,211
800,EIS,714
801,EIS,717
802,ELQ,230
803,ELQ,287
804,EPA,775
805,ESB,277
806,ESB,836
807,EVN,150
808,EVN,151
809,EVN,232
810,EVN,237
811,EVN,424
812,EWR,503
813,EWR,514
814,EWR,517
815,EWR,517
816,EWR,518
817,EWR,518
818,EWR,519
819,EWR,527
820,EWR,528
821,EWR,528
822,EWR,528
823,EWR,529
824,EWR,530
825,EWR,530
826,EWR,530
827,EWR,530
828,EWR,530
829,EWR,530
830,EWR,532
831,EWR,532
832,EWR,595
833,EWR,615
834,EWR,798
835,EXT,863
836,EYW,787
837,EZE,833
838,EZE,836
839,FAE,453
840,FAI,814
841,FAO,469
842,FAO,764
843,FAO,1608
844,FBM,769
845,FBM,919
846,FCO,213
847,FCO,264
848,FCO,266
849,FCO,295
850,FCO,330
851,FCO,347
852,FCO,353
853,FCO,353
854,FCO,356
855,FCO,358
856,FCO,374
857,FCO,409
858,FCO,417
859,FCO,431
860,FIH,559
861,FLL,696
862,FLL,718
863,FNC,447
864,FNC,703
865,FOR,1030
866,FOR,1063
867,FRA,254
868,FRA,291
869,FRA,292
870,FRA,298
871,FRA,326
872,FRA,329
873,FRA,329
874,FRA,331
875,FRA,364
876,FRA,413
877,FRA,446
878,FRA,554
879,FRA,556
880,FRA,557
881,FRA,632
882,FRU,312
883,FRU,385
884,FRU,386
885,FRU,387
886,FRU,387
887,FRU,392
888,FRU,398
889,FRU,462
890,FUK,333
891,FUK,413
892,FUK,457
893,FUK,716
894,FUN,1130
895,GAN,516
896,GAU,34
897,GAU,34
898,GAU,35
899,GAU,36
900,GAU,36
901,GAU,36
902,GAU,38
903,GAU,39
904,GAU,40
905,GAU,42
906,GAU,53
907,GAU,62
908,GAY,54
909,GAY,55
910,GAY,55
911,GAY,62
912,GAY,62
913,GAY,62
914,GAY,144
915,GBE,588
916,GCM,745
917,GDL,752
918,GDN,392
919,GDN,398
920,GEG,1013
921,GFK,757
922,GIB,392
923,GIG,776
924,GIG,880
925,GIG,1088
926,GIG,1091
927,GLA,269
928,GLA,269
929,GLA,321
930,GMP,310
931,GMP,345
932,GMP,377
933,GMP,463
934,GMP,513
935,GMP,513
936,GMP,513
937,GMP,516
938,GMP,517
939,GMP,554
940,GNB,2397
941,GND,3570
942,GNV,948
943,GOA,223
944,GOA,350
945,GOA,396
946,GOA,403
947,GOH,1428
948,GOI,42
949,GOI,43
950,GOI,47
951,GOI,49
952,GOI,49
953,GOI,49
954,GOI,49
955,GOI,49
956,GOI,49
957,GOI,51
958,GOI,51
959,GOI,53
960,GOI,53
961,GOI,55
962,GOI,55
963,GOI,55
964,GOI,55
965,GOI,55
966,GOM,943
967,GOM,974
968,GOP,33
969,GOP,33
970,GOP,33
971,GOP,34
972,GOP,48
973,GOP,51
974,GOP,62
975,GOP,62
976,GOP,62
977,GOT,394
978,GOT,435
979,GOT,589
980,GPS,1047
981,GRK,889
982,GRK,889
983,GRK,926
984,GRK,1016
985,GRR,973
986,GRU,615
987,GRU,616
988,GRU,616
989,GRU,620
990,GRU,678
991,GRV,294
992,GTF,943
993,GUA,1090
994,GVA,240
995,GVA,298
996,GVA,335
997,GVA,336
998,GWL,88
999,GWL,92
1000,GWL,104
1001,GYD,258
1002,GYD,450
1003,GYD,454
1004,HAM,158
1005,HAM,162
1006,HAM,281
1007,HAM,388
1008,HAN,109
1009,HAN,116
1010,HAN,180
1011,HAN,180
1012,HAN,233
1013,HAN,235
1014,HAN,285
1015,HAV,860
1016,HAV,862
1017,HAV,879
1018,HBA,446
1019,HBA,446
1020,HBA,623
1021,HBA,898
1022,HBA,1839
1023,HBE,152
1024,HBE,259
1025,HBE,273
1026,HBE,283
1027,HBE,419
1028,HBE,419
1029,HBE,569
1030,HBX,64
1031,HBX,68
1032,HBX,69
1033,HBX,70
1034,HBX,79
1035,HDG,3624
1036,HDS,510
1037,HEA,168
1038,HEL,232
1039,HEL,241
1040,HEL,290
1041,HEL,318
1042,HEL,347
1043,HEL,355
1044,HER,325
1045,HGH,344
1046,HGH,734
1047,HHN,265
1048,HHN,375
1049,HHN,376
1050,HHN,414
1051,HHN,424
1052,HHN,427
1053,HHN,508
1054,HIJ,832
1055,HIR,927
1056,HKG,178
1057,HKG,179
1058,HKG,183
1059,HKG,195
1060,HKG,195
1061,HKG,195
1062,HKG,195
1063,HKG,196
1064,HKG,202
1065,HKG,203
1066,HKG,214
1067,HKG,319
1068,HKT,107
1069,HKT,108
1070,HKT,116
1071,HKT,118
1072,HKT,118
1073,HKT,119
1074,HKT,130
1075,HKT,141
1076,HKT,152
1077,HKT,152
1078,HKT,205
1079,HKT,212
1080,HKT,212
1081,HKT,226
1082,HLA,614
1083,HLA,621
1084,HLA,645
1085,HLA,649
1086,HLA,650
1087,HLA,671
1088,HLA,671
1089,HLP,236
1090,HLP,239
1091,HLP,240
1092,HLP,241
1093,HLP,271
1094,HLP,378
1095,HND,343
1096,HND,440
1097,HND,440
1098,HND,440
1099,HND,442
1100,HND,443
1101,HND,449
1102,HND,449
1103,HND,450
1104,HND,509
1105,HND,509
1106,HND,509
1107,HND,511
1108,HND,512
1109,HND,519
1110,HND,533
1111,HND,544
1112,HND,623
1113,HND,945
1114,HND,1220
1115,HNL,445
1116,HNL,484
1117,HNL,724
1118,HNL,1130
1119,HOU,600
1120,HOU,644
1121,HOU,814
1122,HRE,430
1123,HRE,521
1124,HRG,481
1125,HRK,262
1126,HRK,271
1127,HRK,296
1128,HRK,340
1129,HSV,828
1130,HTS,1707
1131,HYD,29
1132,HYD,29
1133,HYD,32
1134,HYD,32
1135,HYD,34
1136,HYD,34
1137,HYD,34
1138,HYD,37
1139,HYD,40
1140,HYD,42
1141,HYD,43
1142,IAD,501
1143,IAD,509
1144,IAD,530
1145,IAD,609
1146,IAD,625
1147,IAD,670
1148,IAD,802
1149,IAH,594
1150,IAH,616
1151,IAH,654
1152,IBR,864
1153,IBZ,460
1154,ICN,258
1155,ICN,287
1156,ICN,289
1157,ICN,296
1158,ICN,299
1159,ICN,308
1160,ICN,320
1161,ICN,329
1162,ICN,334
1163,ICN,383
1164,ICN,577
1165,ICN,591
1166,ICN,596
1167,ICN,815
1168,ICN,2804
1169,ICT,683
1170,IDR,18
1171,IDR,18
1172,IDR,18
1173,IDR,19
1174,IDR,19
1175,IDR,20
1176,IDR,20
1177,IDR,20
1178,IDR,23
1179,IDR,24
1180,IDR,36
1181,IDR,44
1182,IEV,237
1183,IEV,246
1184,IEV,330
1185,IEV,357
1186,IEV,374
1187,IEV,378
1188,IEV,379
1189,IFO,393
1190,IGU,777
1191,IKA,286
1192,IKA,308
1193,IKA,308
1194,IKA,322
1195,IKT,401
1196,IMF,53
1197,IMF,57
1198,IMF,58
1199,IMF,58
1200,IMF,58
1201,IMF,58
1202,IMF,65
1203,IMF,65
1204,IMF,65
1205,IMF,73
1206,IMF,74
1207,IMF,75
1208,IMF,76
1209,IND,579
1210,IND,594
1211,IND,599
1212,IND,605
1213,IND,659
1214,ISB,246
1215,ISB,266
1216,ISK,53
1217,ISK,53
1218,ISK,56
1219,ISK,67
1220,IST,263
1221,IST,263
1222,IST,275
1223,IST,288
1224,IST,294
1225,IST,294
1226,IST,295
1227,IST,299
1228,IST,321
1229,IST,327
1230,IST,342
1231,IST,378
1232,IST,414
1233,IST,414
1234,IST,418
1235,IST,422
1236,IST,431
1237,IST,435
1238,ITM,408
1239,ITM,471
1240,ITM,732
1241,IWJ,610
1242,IWJ,849
1243,IXA,54
1244,IXA,54
1245,IXA,54
1246,IXA,54
1247,IXA,54
1248,IXA,54
1249,IXA,54
1250,IXA,54
1251,IXA,54
1252,IXA,54
1253,IXA,62
1254,IXA,66
1255,IXB,27
1256,IXB,27
1257,IXB,27
1258,IXB,29
1259,IXB,29
1260,IXB,33
1261,IXB,36
1262,IXB,36
1263,IXB,36
1264,IXB,40
1265,IXB,49
1266,IXB,49
1267,IXB,49
1268,IXB,60
1269,IXB,135
1270,IXC,25
1271,IXC,25
1272,IXC,26
1273,IXC,26
1274,IXC,26
1275,IXC,26
1276,IXC,26
1277,IXC,26
1278,IXC,31
1279,IXC,36
1280,IXC,40
1281,IXC,41
1282,IXC,41
1283,IXD,35
1284,IXD,44
1285,IXD,44
1286,IXD,47
1287,IXD,66
1288,IXD,82
1289,IXE,65
1290,IXE,65
1291,IXE,67
1292,IXE,68
1293,IXE,68
1294,IXE,68
1295,IXE,70
1296,IXE,70
1297,IXE,72
1298,IXG,56
1299,IXG,61
1300,IXG,64
1301,IXG,78
1302,IXI,90
1303,IXI,90
1304,IXJ,26
1305,IXJ,26
1306,IXJ,26
1307,IXJ,30
1308,IXJ,30
1309,IXJ,32
1310,IXJ,32
1311,IXJ,35
1312,IXJ,36
1313,IXJ,45
1314,IXJ,46
1315,IXL,24
1316,IXL,32
1317,IXL,37
1318,IXL,55
1319,IXL,63
1320,IXL,63
1321,IXL,72
1322,IXL,74
1323,IXL,82
1324,IXL,162
1325,IXL,176
1326,IXL,187
1327,IXM,59
1328,IXM,59
1329,IXM,59
1330,IXM,60
1331,IXM,61
1332,IXM,64
1333,IXM,64
1334,IXM,65
1335,IXM,65
1336,IXM,249
1337,IXM,256
1338,IXM,256
1339,IXP,31
1340,IXR,32
1341,IXR,33
1342,IXR,33
1343,IXR,34
1344,IXR,34
1345,IXR,34
1346,IXR,41
1347,IXR,42
1348,IXR,42
1349,IXR,42
1350,IXR,42
1351,IXR,45
1352,IXR,45
1353,IXS,60
1354,IXS,62
1355,IXS,62
1356,IXS,70
1357,IXS,243
1358,IXS,243
1359,IXS,244
1360,IXT,132
1361,IXT,145
1362,IXU,35
1363,IXU,40
1364,IXU,40
1365,IXU,40
1366,IXU,40
1367,IXU,40
1368,IXU,43
1369,IXU,43
1370,IXU,45
1371,IXY,56
1372,IXY,66
1373,IXY,66
1374,IXY,71
1375,IXY,71
1376,IXY,71
1377,IXZ,76
1378,IXZ,77
1379,IXZ,77
1380,IXZ,77
1381,IXZ,78
1382,IXZ,78
1383,IXZ,78
1384,IXZ,90
1385,IXZ,91
1386,IXZ,97
1387,IXZ,99
1388,IXZ,111
1389,IXZ,111
1390,IXZ,111
1391,IXZ,112
1392,IXZ,151
1393,IXZ,154
1394,IXZ,154
1395,IXZ,275
1396,JAI,22
1397,JAI,22
1398,JAI,22
1399,JAI,23
1400,JAI,23
1401,JAI,23
1402,JAI,27
1403,JAI,28
1404,JAI,36
1405,JAI,60
1406,JAI,73
1407,JAI,83
1408,JAN,678
1409,JAN,744
1410,JAN,745
1411,JAN,782
1412,JAN,796
1413,JAN,797
1414,JAV,1392
1415,JAV,1813
1416,JBQ,956
1417,JDH,42
1418,JDH,42
1419,JDH,45
1420,JDH,46
1421,JDH,53
1422,JDH,104
1423,JED,210
1424,JED,216
1425,JED,238
1426,JED,239
1427,JED,239
1428,JED,276
1429,JED,277
1430,JED,367
1431,JED,368
1432,JED,369
1433,JED,373
1434,JFK,375
1435,JFK,385
1436,JFK,385
1437,JFK,385
1438,JFK,408
1439,JFK,468
1440,JFK,475
1441,JFK,475
1442,JFK,488
1443,JFK,500
1444,JFK,508
1445,JFK,509
1446,JFK,509
1447,JFK,512
1448,JFK,520
1449,JFK,529
1450,JFK,530
1451,JFK,530
1452,JFK,532
1453,JFK,533
1454,JFK,577
1455,JGA,54
1456,JGA,54
1457,JGB,73
1458,JHB,418
1459,JHS,1182
1460,JIB,751
1461,JKR,187
1462,JLR,37
1463,JLR,44
1464,JLR,46
1465,JLR,108
1466,JLR,118
1467,JMK,612
1468,JNB,395
1469,JNB,395
1470,JNB,396
1471,JNB,410
1472,JNB,434
1473,JNB,450
1474,JNB,505
1475,JRH,93
1476,JRO,464
1477,JRO,530
1478,JSA,51
1479,JSA,54
1480,JSA,54
1481,JSA,64
1482,JSA,68
1483,JSA,74
1484,JTR,264
1485,JTR,290
1486,JTR,399
1487,JTR,419
1488,JTR,517
1489,JUB,383
1490,JUB,443
1491,KBL,126
1492,KBL,131
1493,KBL,132
1494,KBL,137
1495,KBL,144
1496,KBL,152
1497,KBL,290
1498,KBP,174
1499,KBP,177
1500,KBP,280
1501,KBP,281
1502,KBP,282
1503,KBP,282
1504,KBP,288
1505,KBP,303
1506,KBP,333
1507,KCZ,724
1508,KEF,377
1509,KEF,381
1510,KEF,406
1511,KEF,425
1512,KEF,428
1513,KEF,430
1514,KEF,431
1515,KEF,432
1516,KEF,633
1517,KGD,456
1518,KGL,348
1519,KGL,368
1520,KHG,1583
1521,KHH,299
1522,KHH,594
1523,KHI,206
1524,KHI,233
1525,KHI,234
1526,KIN,976
1527,KIV,545
1528,KIX,340
1529,KIX,371
1530,KIX,478
1531,KIX,558
1532,KLH,83
1533,KLH,83
1534,KLO,240
1535,KMG,327
1536,KNO,181
1537,KNO,543
1538,KNU,33
1539,KNU,37
1540,KNU,37
1541,KNU,111
1542,KOA,499
1543,KOK,608
1544,KOW,615
1545,KRK,278
1546,KRK,352
1547,KRK,401
1548,KRK,555
1549,KRK,557
1550,KRR,341
1551,KRT,225
1552,KRT,225
1553,KRT,304
1554,KRT,304
1555,KRT,533
1556,KSU,664
1557,KTM,65
1558,KTM,65
1559,KTM,65
1560,KTM,80
1561,KTM,80
1562,KTM,80
1563,KTM,80
1564,KTM,81
1565,KTM,95
1566,KTM,95
1567,KTM,96
1568,KTM,175
1569,KTM,176
1570,KTM,180
1571,KTM,290
1572,KTM,300
1573,KTM,489
1574,KTM,822
1575,KTM,828
1576,KTW,300
1577,KTW,355
1578,KUL,117
1579,KUL,117
1580,KUL,132
1581,KUL,135
1582,KUL,148
1583,KUL,152
1584,KUL,152
1585,KUL,153
1586,KUL,153
1587,KUL,153
1588,KUL,156
1589,KUL,170
1590,KUL,170
1591,KUL,241
1592,KUL,241
1593,KUT,219
1594,KUU,48
1595,KUU,66
1596,KUU,66
1597,KUU,85
1598,KUU,85
1599,KUU,97
1600,KUU,99
1601,KUU,118
1602,KUU,177
1603,KUU,178
1604,KUU,184
1605,KWI,148
1606,KWI,149
1607,KWI,169
1608,KWI,171
1609,KWI,182
1610,KWI,220
1611,KWI,240
1612,KWI,251
1613,KWI,251
1614,KWI,253
1615,KWI,282
1616,KWI,292
1617,KWI,292
1618,KWI,325
1619,KWJ,611
1620,KZN,335
1621,KZN,491
1622,KZN,588
1623,LAD,682
1624,LAD,778
1625,LAN,930
1626,LAS,530
1627,LAS,530
1628,LAS,536
1629,LAS,770
1630,LAX,447
1631,LAX,472
1632,LAX,479
1633,LAX,480
1634,LAX,481
1635,LAX,485
1636,LAX,534
1637,LAX,597
1638,LAX,628
1639,LAX,633
1640,LBA,496
1641,LBB,1085
1642,LBV,812
1643,LCA,150
1644,LCA,317
1645,LCA,388
1646,LCG,857
1647,LCY,281
1648,LCY,299
1649,LCY,334
1650,LCY,363
1651,LCY,364
1652,LCY,365
1653,LCY,365
1654,LCY,365
1655,LCY,367
1656,LCY,561
1657,LED,227
1658,LED,227
1659,LED,294
1660,LED,326
1661,LED,346
1662,LED,386
1663,LED,400
1664,LEX,1222
1665,LFT,746
1666,LGA,512
1667,LGA,514
1668,LGA,515
1669,LGA,517
1670,LGA,518
1671,LGA,518
1672,LGA,682
1673,LGA,701
1674,LGA,713
1675,LGA,714
1676,LGA,734
1677,LGA,751
1678,LGB,1074
1679,LGB,1333
1680,LGB,1371
1681,LGB,2247
1682,LGK,155
1683,LGK,166
1684,LGW,178
1685,LGW,220
1686,LGW,235
1687,LGW,269
1688,LGW,281
1689,LGW,296
1690,LGW,302
1691,LGW,302
1692,LGW,307
1693,LGW,2045
1694,LHE,187
1695,LHE,254
1696,LHR,272
1697,LHR,274
1698,LHR,274
1699,LHR,274
1700,LHR,274
1701,LHR,274
1702,LHR,290
1703,LHR,290
1704,LHR,292
1705,LHR,292
1706,LHR,293
1707,LHR,293
1708,LHR,334
1709,LHR,337
1710,LHR,340
1711,LHR,368
1712,LHR,369
1713,LHR,378
1714,LHR,398
1715,LIM,644
1716,LIM,646
1717,LIN,185
1718,LIN,349
1719,LIN,349
1720,LIN,370
1721,LIN,373
1722,LIN,381
1723,LIN,399
1724,LIR,786
1725,LIR,988
1726,LIS,244
1727,LIS,329
1728,LIS,362
1729,LIS,378
1730,LIS,379
1731,LIS,386
1732,LIS,440
1733,LJU,354
1734,LJU,354
1735,LKO,24
1736,LKO,24
1737,LKO,24
1738,LKO,26
1739,LKO,26
1740,LKO,27
1741,LKO,30
1742,LKO,32
1743,LKO,33
1744,LLA,474
1745,LLW,604
1746,LOS,458
1747,LOS,485
1748,LOS,488
1749,LOS,489
1750,LOS,519
1751,LPI,1100
1752,LPL,340
1753,LTN,173
1754,LTN,209
1755,LTN,230
1756,LTN,258
1757,LTN,301
1758,LTN,302
1759,LTN,342
1760,LTN,387
1761,LTN,427
1762,LUH,35
1763,LUN,529
1764,LUN,530
1765,LUX,267
1766,LUX,359
1767,LUZ,391
1768,LWO,293
1769,LWO,329
1770,LXA,502
1771,LXA,550
1772,LXA,2139
1773,LYR,568
1774,LYS,353
1775,LYS,373
1776,LYS,440
1777,MAA,31
1778,MAA,32
1779,MAA,33
1780,MAA,34
1781,MAA,34
1782,MAA,34
1783,MAA,36
1784,MAA,36
1785,MAA,40
1786,MAA,40
1787,MAA,40
1788,MAA,40
1789,MAA,40
1790,MAA,45
1791,MAA,46
1792,MAA,50
1793,MAA,54
1794,MAD,328
1795,MAD,344
1796,MAD,359
1797,MAD,412
1798,MAH,430
1799,MAN,234
1800,MAN,302
1801,MAN,305
1802,MAN,330
1803,MAN,351
1804,MAN,368
1805,MBS,1000
1806,MCI,687
1807,MCO,581
1808,MCO,650
1809,MCO,714
1810,MCT,99
1811,MCT,99
1812,MCT,99
1813,MCT,115
1814,MCT,123
1815,MCT,125
1816,MCT,151
1817,MCT,172
1818,MCT,177
1819,MCT,178
1820,MCT,178
1821,MCT,178
1822,MCT,178
1823,MCT,178
1824,MCT,178
1825,MCT,193
1826,MCT,244
1827,MCZ,785
1828,MDL,367
1829,MDW,485
1830,MDW,533
1831,MDW,744
1832,MDW,789
1833,MDW,817
1834,MDW,909
1835,MDW,1875
1836,MDZ,838
1837,MEB,837
1838,MEB,868
1839,MEB,879
1840,MEB,943
1841,MEB,943
1842,MEB,2204
1843,MED,250
1844,MED,257
1845,MEL,223
1846,MEL,223
1847,MEL,223
1848,MEL,224
1849,MEL,224
1850,MEL,314
1851,MEL,344
1852,MEL,362
1853,MEL,379
1854,MEL,442
1855,MEL,442
1856,MEL,536
1857,MEM,986
1858,MEM,999
1859,MEX,675
1860,MEX,676
1861,MEX,682
1862,MEX,739
1863,MFM,289
1864,MFM,616
1865,MHD,480
1866,MIA,595
1867,MIA,595
1868,MIA,595
1869,MIA,598
1870,MIA,610
1871,MIA,770
1872,MKQ,522
1873,MLA,304
1874,MLA,399
1875,MLA,402
1876,MLB,1059
1877,MLE,113
1878,MLE,114
1879,MLE,116
1880,MLE,116
1881,MLE,121
1882,MLE,123
1883,MLE,123
1884,MLE,123
1885,MLE,125
1886,MLE,142
1887,MLE,152
1888,MLE,190
1889,MLE,200
1890,MME,514
1891,MMX,382
1892,MNL,188
1893,MNL,189
1894,MNL,192
1895,MNL,321
1896,MNL,322
1897,MNL,324
1898,MPM,658
1899,MRU,253
1900,MRU,294
1901,MRU,321
1902,MRU,323
1903,MRU,333
1904,MRU,469
1905,MRU,543
1906,MSN,1624
1907,MSP,755
1908,MSP,826
1909,MSP,862
1910,MSQ,290
1911,MSQ,364
1912,MSQ,404
1913,MSQ,870
1914,MSY,695
1915,MUC,232
1916,MUC,258
1917,MUC,266
1918,MUC,299
1919,MUC,316
1920,MUC,317
1921,MUC,321
1922,MUC,330
1923,MUC,347
1924,MUC,455
1925,MUC,566
1926,MUC,567
1927,MUC,567
1928,MUC,568
1929,MUC,569
1930,MUC,624
1931,MVD,708
1932,MXP,216
1933,MXP,238
1934,MXP,243
1935,MXP,296
1936,MXP,342
1937,MXP,360
1938,MXP,361
1939,MYQ,65
1940,MYQ,81
1941,MYQ,83
1942,NAG,30
1943,NAG,30
1944,NAG,33
1945,NAG,34
1946,NAG,34
1947,NAG,34
1948,NAG,34
1949,NAG,34
1950,NAG,36
1951,NAG,38
1952,NAG,39
1953,NAG,43
1954,NAG,45
1955,NAN,549
1956,NAP,387
1957,NAP,395
1958,NAS,619
1959,NAS,680
1960,NAS,750
1961,NAV,476
1962,NBE,610
1963,NBO,271
1964,NBO,272
1965,NBO,274
1966,NBO,290
1967,NCE,344
1968,NCE,441
1969,NCL,268
1970,NCL,325
1971,NDC,51
1972,NDC,51
1973,NGB,344
1974,NGO,478
1975,NGO,717
1976,NIM,637
1977,NJF,506
1978,NKG,401
1979,NKG,603
1980,NKM,900
1981,NNG,310
1982,NRN,174
1983,NRN,352
1984,NRN,384
1985,NRT,301
1986,NRT,307
1987,NRT,320
1988,NRT,321
1989,NRT,349
1990,NRT,354
1991,NRT,381
1992,NRT,400
1993,NRT,480
1994,NRT,508
1995,NRT,778
1996,NRT,907
1997,NRT,931
1998,NTE,469
1999,NUE,388
2000,NYO,271
2001,NYO,415
2002,NYO,471
2003,OAK,824
2004,OAK,824
2005,OAK,824
2006,OAK,1107
2007,OAK,1110
2008,ODS,148
2009,ODS,327
2010,ODS,337
2011,OGG,950
2012,OMA,771
2013,OMS,314
2014,OMS,326
2015,OMS,383
2016,OMS,391
2017,ONT,493
2018,ONT,497
2019,ONT,499
2020,ONT,616
2021,ONT,658
2022,ONT,658
2023,ONT,664
2024,ONT,670
2025,ONT,672
2026,OOL,972
2027,OOL,2007
2028,OPO,375
2029,OPO,386
2030,OPO,487
2031,OPO,514
2032,ORD,486
2033,ORD,492
2034,ORD,497
2035,ORD,503
2036,ORD,508
2037,ORD,509
2038,ORD,509
2039,ORD,509
2040,ORD,512
2041,ORD,512
2042,ORD,527
2043,ORD,533
2044,ORD,544
2045,ORD,546
2046,ORD,548
2047,ORD,1766
2048,ORK,410
2049,ORY,250
2050,ORY,250
2051,ORY,265
2052,ORY,315
2053,ORY,328
2054,ORY,332
2055,ORY,340
2056,ORY,347
2057,ORY,413
2058,ORY,427
2059,OSL,211
2060,OSL,317
2061,OSL,331
2062,OSL,358
2063,OSL,360
2064,OSL,372
2065,OSL,374
2066,OSL,388
2067,OSS,454
2068,OSS,466
2069,OTP,301
2070,OTP,346
2071,OTP,466
2072,OTP,468
2073,OTP,472
2074,OUA,705
2075,OUL,574
2076,OVB,234
2077,OVB,307
2078,OZH,430
2079,PAE,475
2080,PAE,532
2081,PAE,532
2082,PAE,656
2083,PAE,668
2084,PAE,669
2085,PAT,30
2086,PAT,30
2087,PAT,30
2088,PAT,33
2089,PAT,34
2090,PAT,34
2091,PAT,34
2092,PAT,34
2093,PAT,34
2094,PAT,35
2095,PAT,35
2096,PAT,37
2097,PAT,44
2098,PAT,45
2099,PAT,45
2100,PBD,73
2101,PBI,699
2102,PBI,724
2103,PBM,1928
2104,PDX,473
2105,PDX,488
2106,PDX,573
2107,PEE,360
2108,PEE,614
2109,PEK,225
2110,PEK,226
2111,PEK,227
2112,PEK,228
2113,PEK,242
2114,PEK,364
2115,PEK,412
2116,PEK,639
2117,PEN,154
2118,PER,283
2119,PER,283
2120,PER,284
2121,PER,303
2122,PER,1002
2123,PER,1003
2124,PFO,395
2125,PGH,59
2126,PGH,59
2127,PHL,734
2128,PHX,592
2129,PHX,833
2130,PIE,740
2131,PIK,477
2132,PIK,503
2133,PIK,515
2134,PIT,656
2135,PIT,659
2136,PKB,1667
2137,PKR,186
2138,PLM,219
2139,PLZ,549
2140,PMI,414
2141,PNH,188
2142,PNH,285
2143,PNH,426
2144,PNQ,29
2145,PNQ,29
2146,PNQ,29
2147,PNQ,33
2148,PNQ,33
2149,PNQ,33
2150,PNQ,38
2151,PNQ,38
2152,PNQ,40
2153,PNQ,49
2154,PNY,86
2155,PNY,105
2156,POM,434
2157,POM,620
2158,POM,1904
2159,POS,826
2160,POS,887
2161,POZ,389
2162,POZ,449
2163,PPT,936
2164,PPT,993
2165,PPT,1005
2166,PPT,1156
2167,PPT,1512
2168,PQC,240
2169,PQC,1397
2170,PRA,1048
2171,PRG,243
2172,PRG,261
2173,PRG,261
2174,PRG,275
2175,PRG,285
2176,PRG,285
2177,PRG,293
2178,PRG,349
2179,PRG,378
2180,PRG,549
2181,PRN,423
2182,PTG,643
2183,PTY,755
2184,PUS,461
2185,PVG,227
2186,PVG,228
2187,PVG,228
2188,PVG,242
2189,PVG,243
2190,PVG,305
2191,PVG,367
2192,PVG,506
2193,PVG,607
2194,PVG,911
2195,PVG,915
2196,PWM,640
2197,RAJ,42
2198,RAJ,43
2199,RAJ,47
2200,RAJ,48
2201,RAJ,82
2202,RAJ,82
2203,RAJ,82
2204,RBA,467
2205,RDU,628
2206,RDU,658
2207,REG,572
2208,REP,191
2209,REP,621
2210,RFD,662
2211,RFD,663
2212,RFD,747
2213,RFD,824
2214,RFD,835
2215,RGN,174
2216,RGN,267
2217,RGN,319
2218,RGN,498
2219,RIX,346
2220,RIX,367
2221,RIX,385
2222,RIX,492
2223,RJA,67
2224,RJA,76
2225,RKT,103
2226,RKT,103
2227,RKT,118
2228,RMQ,565
2229,RMQ,614
2230,ROA,963
2231,ROC,761
2232,ROV,337
2233,ROV,402
2234,ROV,1049
2235,RPR,37
2236,RPR,37
2237,RPR,37
2238,RPR,39
2239,RPR,40
2240,RPR,40
2241,RPR,43
2242,RPR,44
2243,RPR,44
2244,RPR,49
2245,RST,1061
2246,RTM,498
2247,RUH,199
2248,RUH,199
2249,RUH,200
2250,RUH,230
2251,RUH,232
2252,RUH,236
2253,RUH,236
2254,RUH,275
2255,RUH,275
2256,RUH,276
2257,RUH,310
2258,RUH,348
2259,RUH,527
2260,RUN,502
2261,RVN,530
2262,RVN,550
2263,RVN,1415
2264,SAL,693
2265,SAL,967
2266,SAN,473
2267,SAN,599
2268,SAT,1179
2269,SAV,1026
2270,SAW,191
2271,SAW,202
2272,SAW,215
2273,SAW,219
2274,SAW,220
2275,SAW,229
2276,SAW,244
2277,SAW,249
2278,SAW,280
2279,SBP,1511
2280,SCL,722
2281,SCL,725
2282,SCL,730
2283,SCL,771
2284,SCL,808
2285,SCN,503
2286,SCO,405
2287,SDQ,666
2288,SDQ,747
2289,SDQ,1165
2290,SDU,734
2291,SDU,757
2292,SDU,1096
2293,SDU,1157
2294,SDU,1206
2295,SEA,451
2296,SEA,459
2297,SEA,467
2298,SEA,601
2299,SEA,634
2300,SEA,638
2301,SEN,259
2302,SEN,297
2303,SEN,318
2304,SEN,342
2305,SEN,375
2306,SEN,400
2307,SEN,401
2308,SEN,405
2309,SEN,548
2310,SEZ,303
2311,SEZ,404
2312,SEZ,557
2313,SEZ,611
2314,SEZ,616
2315,SFB,706
2316,SFB,725
2317,SFO,446
2318,SFO,450
2319,SFO,459
2320,SFO,460
2321,SFO,460
2322,SFO,460
2323,SFO,464
2324,SFO,482
2325,SFO,482
2326,SFO,493
2327,SFO,509
2328,SFO,512
2329,SFO,512
2330,SFO,513
2331,SFO,515
2332,SFO,544
2333,SFO,802
2334,SFO,924
2335,SGN,101
2336,SGN,101
2337,SGN,101
2338,SGN,101
2339,SGN,126
2340,SGN,179
2341,SGN,189
2342,SGN,236
2343,SHA,301
2344,SHA,343
2345,SHA,385
2346,SHA,472
2347,SHA,1342
2348,SHA,2024
2349,SHJ,107
2350,SHJ,107
2351,SHJ,107
2352,SHJ,109
2353,SHJ,111
2354,SHJ,114
2355,SHJ,114
2356,SHJ,115
2357,SHJ,115
2358,SHJ,119
2359,SHJ,119
2360,SHJ,120
2361,SHJ,120
2362,SHJ,163
2363,SHJ,165
2364,SHJ,168
2365,SHJ,171
2366,SHJ,171
2367,SHJ,272
2368,SHL,88
2369,SHO,685
2370,SIN,122
2371,SIN,125
2372,SIN,129
2373,SIN,136
2374,SIN,136
2375,SIN,136
2376,SIN,136
2377,SIN,136
2378,SIN,137
2379,SIN,140
2380,SIN,146
2381,SIN,148
2382,SIN,148
2383,SIN,148
2384,SIN,152
2385,SIN,156
2386,SIN,159
2387,SIN,180
2388,SIN,229
2389,SIP,280
2390,SIP,281
2391,SIP,303
2392,SIP,323
2393,SJC,528
2394,SJC,560
2395,SJC,561
2396,SJC,561
2397,SJC,563
2398,SJC,719
2399,SJC,839
2400,SJC,3176
2401,SJJ,263
2402,SJJ,344
2403,SJO,745
2404,SJO,970
2405,SJU,1427
2406,SKB,783
2407,SKB,1676
2408,SKG,346
2409,SLC,473
2410,SLC,584
2411,SLL,233
2412,SLL,280
2413,SLL,299
2414,SLL,374
2415,SLU,1047
2416,SMF,614
2417,SMF,683
2418,SNA,636
2419,SNA,639
2420,SNA,643
2421,SNA,857
2422,SNA,932
2423,SNA,1159
2424,SNA,1166
2425,SNO,145
2426,SOF,146
2427,SOF,298
2428,SOF,571
2429,SOU,751
2430,SPU,326
2431,SRE,976
2432,SRQ,962
2433,SSG,842
2434,SSH,289
2435,SSH,295
2436,STL,731
2437,STL,968
2438,STN,159
2439,STN,187
2440,STN,209
2441,STN,268
2442,STN,277
2443,STN,279
2444,STN,323
2445,STN,330
2446,STN,336
2447,STR,302
2448,STR,316
2449,STR,394
2450,STR,480
2451,STV,40
2452,STV,40
2453,STV,42
2454,STV,43
2455,STV,43
2456,STV,44
2457,STV,45
2458,STV,46
2459,STV,47
2460,STV,47
2461,STV,55
2462,SUB,305
2463,SUB,460
2464,SVD,712
2465,SVG,489
2466,SVJ,549
2467,SVO,200
2468,SVO,201
2469,SVO,202
2470,SVO,206
2471,SVO,217
2472,SVO,234
2473,SVO,242
2474,SVO,251
2475,SVO,267
2476,SVO,275
2477,SVO,276
2478,SVO,318
2479,SVO,318
2480,SVO,320
2481,SVO,320
2482,SVO,347
2483,SVX,218
2484,SVX,321
2485,SVX,570
2486,SVX,570
2487,SWF,705
2488,SWF,725
2489,SWF,744
2490,SWF,756
2491,SWF,767
2492,SWF,786
2493,SWF,818
2494,SWF,861
2495,SXB,354
2496,SXB,433
2497,SXM,4872
2498,SXR,33
2499,SXR,34
2500,SXR,34
2501,SXR,34
2502,SXR,34
2503,SXR,34
2504,SXR,34
2505,SXR,34
2506,SXR,34
2507,SXR,34
2508,SXR,34
2509,SXR,34
2510,SXR,35
2511,SXR,35
2512,SXR,49
2513,SXR,60
2514,SXR,138
2515,SXV,91
2516,SYD,234
2517,SYD,234
2518,SYD,371
2519,SYD,374
2520,SYD,394
2521,SYD,403
2522,SYD,410
2523,SYD,450
2524,SYD,533
2525,SYD,542
2526,SYR,800
2527,SYZ,512
2528,SZB,214
2529,SZB,214
2530,SZB,215
2531,SZB,218
2532,SZB,226
2533,SZB,229
2534,SZB,234
2535,SZG,382
2536,SZX,396
2537,SZX,452
2538,SZZ,374
2539,TAB,757
2540,TAS,228
2541,TAS,301
2542,TAS,301
2543,TAS,301
2544,TAS,353
2545,TAS,353
2546,TAS,383
2547,TAS,383
2548,TAS,559
2549,TBS,253
2550,TBS,263
2551,TBS,334
2552,TBS,360
2553,TBS,366
2554,TBS,367
2555,TBS,505
2556,TCR,94
2557,TEZ,61
2558,TEZ,94
2559,TFN,524
2560,TFN,875
2561,TFS,509
2562,TFS,672
2563,TGD,544
2564,THE,812
2565,TIA,265
2566,TIF,355
2567,TIR,52
2568,TIR,57
2569,TIR,57
2570,TIR,59
2571,TIR,59
2572,TIR,64
2573,TIR,64
2574,TIR,68
2575,TIR,87
2576,TIR,153
2577,TIV,379
2578,TJM,341
2579,TLL,376
2580,TLL,433
2581,TLL,492
2582,TLN,479
2583,TLS,371
2584,TLS,422
2585,TLV,265
2586,TLV,278
2587,TLV,278
2588,TLV,285
2589,TLV,288
2590,TLV,305
2591,TLV,353
2592,TLV,364
2593,TLV,409
2594,TLV,669
2595,TNA,421
2596,TNR,898
2597,TNR,1467
2598,TOF,1502
2599,TOS,574
2600,TPA,662
2601,TPA,832
2602,TPE,262
2603,TPE,268
2604,TPE,268
2605,TPE,270
2606,TPE,270
2607,TPE,380
2608,TPE,403
2609,TPE,412
2610,TPE,580
2611,TPE,624
2612,TRD,383
2613,TRD,465
2614,TRD,505
2615,TRD,636
2616,TRF,252
2617,TRF,318
2618,TRF,347
2619,TRF,408
2620,TRF,409
2621,TRF,423
2622,TRF,423
2623,TRF,536
2624,TRN,348
2625,TRN,474
2626,TRS,497
2627,TRV,63
2628,TRV,63
2629,TRV,63
2630,TRV,64
2631,TRV,64
2632,TRV,72
2633,TRV,75
2634,TRV,77
2635,TRV,77
2636,TRV,78
2637,TRZ,64
2638,TRZ,85
2639,TRZ,86
2640,TSA,550
2641,TSA,747
2642,TSA,911
2643,TSA,932
2644,TSA,1606
2645,TSA,1606
2646,TUI,536
2647,TUL,1250
2648,TUN,423
2649,TUN,443
2650,TUN,477
2651,TUS,953
2652,TYN,378
2653,TYS,1096
2654,UDR,19
2655,UDR,19
2656,UDR,35
2657,UDR,47
2658,UDR,75
2659,UFA,483
2660,UIO,757
2661,UIO,1148
2662,UKB,498
2663,UKB,536
2664,UKB,1177
2665,ULN,474
2666,ULN,583
2667,ULN,583
2668,ULN,705
2669,ULN,709
2670,ULV,542
2671,UME,464
2672,USH,979
2673,USM,252
2674,UTP,170
2675,UTP,210
2676,UTP,213
2677,UVF,921
2678,UVF,3510
2679,UVF,3510
2680,VAN,235
2681,VCE,375
2682,VCP,731
2683,VCP,736
2684,VCP,761
2685,VDY,103
2686,VGA,50
2687,VGA,50
2688,VGA,50
2689,VIE,186
2690,VIE,233
2691,VIE,272
2692,VIE,285
2693,VIE,304
2694,VIE,311
2695,VIE,331
2696,VKO,254
2697,VKO,284
2698,VKO,292
2699,VKO,297
2700,VKO,301
2701,VKO,309
2702,VKO,356
2703,VKO,356
2704,VKO,362
2705,VKO,406
2706,VKO,413
2707,VLC,437
2708,VLC,526
2709,VNO,265
2710,VNO,282
2711,VNO,322
2712,VNO,327
2713,VNO,354
2714,VNO,374
2715,VNO,439
2716,VNS,23
2717,VNS,23
2718,VNS,25
2719,VNS,25
2720,VNS,25
2721,VNS,26
2722,VNS,28
2723,VNS,28
2724,VNS,28
2725,VNS,30
2726,VNS,31
2727,VNS,37
2728,VNS,44
2729,VNS,47
2730,VNS,59
2731,VNS,65
2732,VOG,367
2733,VRA,1544
2734,VRN,733
2735,VST,316
2736,VST,457
2737,VST,542
2738,VTE,253
2739,VTE,435
2740,VTE,863
2741,VTZ,48
2742,VTZ,48
2743,VTZ,50
2744,VTZ,50
2745,VTZ,52
2746,VTZ,52
2747,VTZ,55
2748,VTZ,55
2749,VTZ,55
2750,VTZ,55
2751,VTZ,58
2752,VTZ,118
2753,WAW,223
2754,WAW,272
2755,WAW,285
2756,WAW,306
2757,WAW,349
2758,WAW,355
2759,WAW,359
2760,WAW,361
2761,WAW,361
2762,WAW,362
2763,WAW,362
2764,WAW,365
2765,WAW,378
2766,WDH,651
2767,WDH,1013
2768,WIL,525
2769,WIL,548
2770,WIL,578
2771,WIL,647
2772,WLG,595
2773,WLG,669
2774,WLG,731
2775,WLG,1011
2776,WLG,1085
2777,WMI,282
2778,WMI,339
2779,WMI,344
2780,WMI,376
2781,WMI,380
2782,WMI,384
2783,WOL,1437
2784,WRO,392
2785,WUH,563
2786,XCR,401
2787,XCR,429
2788,XCR,438
2789,XCR,452
2790,XCR,484
2791,XCR,488
2792,XCR,512
2793,XCR,625
2794,XCR,628
2795,XNB,135
2796,XNB,137
2797,XNB,137
2798,XNB,138
2799,XNB,139
2800,XNB,142
2801,XNB,142
2802,XNB,150
2803,XNB,161
2804,XNB,166
2805,XSP,415
2806,XSP,415
2807,XSP,415
2808,YAM,626
2809,YCG,894
2810,YEG,594
2811,YEG,640
2812,YEG,640
2813,YEG,642
2814,YEG,644
2815,YEG,735
2816,YEG,890
2817,YFC,622
2818,YHM,800
2819,YHM,846
2820,YHM,1322
2821,YHU,1075
2822,YHU,1076
2823,YHU,1098
2824,YHU,1098
2825,YHU,1136
2826,YHU,1164
2827,YHU,1280
2828,YHZ,436
2829,YHZ,600
2830,YHZ,606
2831,YHZ,622
2832,YHZ,625
2833,YHZ,722
2834,YKA,397
2835,YKA,547
2836,YKA,586
2837,YKF,861
2838,YKF,977
2839,YKF,1367
2840,YLW,453
2841,YLW,568
2842,YNB,436
2843,YOW,585
2844,YOW,589
2845,YOW,590
2846,YOW,611
2847,YQB,594
2848,YQB,793
2849,YQG,548
2850,YQG,597
2851,YQG,784
2852,YQM,608
2853,YQM,608
2854,YQM,621
2855,YQM,1077
2856,YQR,644
2857,YQR,653
2858,YQR,668
2859,YQR,704
2860,YQR,816
2861,YQT,427
2862,YQT,592
2863,YQU,852
2864,YQY,673
2865,YQY,728
2866,YQY,892
2867,YSB,550
2868,YSB,595
2869,YSJ,688
2870,YSJ,718
2871,YSJ,902
2872,YTS,706
2873,YTZ,483
2874,YTZ,483
2875,YTZ,491
2876,YTZ,546
2877,YTZ,607
2878,YTZ,640
2879,YTZ,650
2880,YTZ,651
2881,YTZ,660
2882,YTZ,864
2883,YUL,555
2884,YUL,557
2885,YUL,564
2886,YUL,567
2887,YUL,568
2888,YUL,569
2889,YUL,575
2890,YVR,420
2891,YVR,420
2892,YVR,433
2893,YVR,433
2894,YVR,435
2895,YVR,435
2896,YVR,487
2897,YVR,488
2898,YVR,488
2899,YVR,526
2900,YVR,526
2901,YVR,526
2902,YVR,526
2903,YVR,527
2904,YVR,529
2905,YVR,530
2906,YVR,544
2907,YVR,855
2908,YVR,857
2909,YVR,859
2910,YVR,905
2911,YVR,909
2912,YWG,436
2913,YWG,539
2914,YWG,564
2915,YWG,620
2916,YWG,695
2917,YWG,740
2918,YWG,831
2919,YWH,802
2920,YWH,824
2921,YXC,938
2922,YXE,621
2923,YXE,622
2924,YXE,626
2925,YXE,676
2926,YXE,691
2927,YXE,795
2928,YXE,858
2929,YXE,978
2930,YXJ,611
2931,YXJ,629
2932,YXJ,661
2933,YXS,551
2934,YXU,580
2935,YXU,721
2936,YXU,765
2937,YXX,749
2938,YXX,911
2939,YXX,916
2940,YXX,920
2941,YXX,920
2942,YXX,950
2943,YXX,960
2944,YXX,970
2945,YXX,1031
2946,YXX,1117
2947,YXY,1378
2948,YYC,431
2949,YYC,451
2950,YYC,598
2951,YYC,606
2952,YYC,652
2953,YYC,657
2954,YYC,659
2955,YYC,684
2956,YYC,889
2957,YYJ,553
2958,YYJ,710
2959,YYR,1370
2960,YYT,670
2961,YYT,675
2962,YYT,701
2963,YYZ,356
2964,YYZ,365
2965,YYZ,487
2966,YYZ,502
2967,YYZ,505
2968,YYZ,527
2969,YYZ,545
2970,YYZ,570
2971,YYZ,572
2972,YYZ,607
2973,YYZ,607
2974,YYZ,641
2975,YYZ,641
2976,YYZ,642
2977,YYZ,642
2978,YYZ,645
2979,YYZ,645
2980,YYZ,667
2981,YYZ,670
2982,YYZ,804
2983,YYZ,891
2984,ZAG,354
2985,ZAG,378
2986,ZAG,389
2987,ZAG,404
2988,ZAG,550
2989,ZNZ,369
2990,ZNZ,384
2991,ZNZ,404
2992,ZNZ,410
2993,ZQN,1089
2994,ZRH,238
2995,ZRH,263
2996,ZRH,272
2997,ZRH,280
2998,ZRH,292
2999,ZRH,293
3000,ZRH,293
3001,ZRH,293
3002,ZRH,325
3003,ZRH,341
3004,ZRH,387
3005,ZRH,456
3006,ZRH,567
3007,ZRH,568
3008,ZRH,568
3009,ZRH,569
3010,ZRH,570
3011,ZRH,570
3012,ZRH,570
